url,route_id,field_type,matched_text,context,field_meaning,suspected_boilerplate
https://footloosedev.com/manali-leh/,manali_leh,distance_mention,120 km,t some stretches (particularly at Morre Plains) I was doing well over 120 km. Leh to Manali Is No Offroading I remember I found only a little stre,any bare NNN km / NNNN km mention,False
https://footloosedev.com/manali-leh/,manali_leh,duration_days,9 days,"morning. I moreover did the entire trip for just INR 5000, including 9 days of fuel, food, accommodation and taxes. I was also one of the first f",N days mention,False
https://footloosedev.com/manali-leh/,manali_leh,duration_days,2 days,"re riding. If you want to do it on a minimum budget, you can do it in 2 days: Manali to Keylong and then Keylong to Leh. Even if you re booking a",N days mention,False
https://footloosedev.com/manali-leh/,manali_leh,fuel_tank_litres,14-litre tank,300cc Jawa motorcycle that gave me a mileage of nearly 35 km. And its 14-litre tank had enough fuel for me to do the entire stretch. The two farthest pet,fuel tank capacity in litres,False
https://footloosedev.com/manali-leh/,manali_leh,fuel_litres_generic,14 L,ileage of nearly 25 km on this route. The bike has a fuel capacity of 14 L. One full tank was enough between the two farthest petrol stations on,any litres mention,False
https://footloosedev.com/manali-leh/,manali_leh,mileage_kmpl,mileage of nearly 25 km,a Fuel I did not carry any extra petrol on my Jawa 42 which gave me a mileage of nearly 25 km on this route. The bike has a fuel capacity of 14 L. One full tank wa,fuel mileage / efficiency mention,False
https://footloosedev.com/manali-leh/,manali_leh,mileage_kmpl,mileage of nearly 35 km,for most riders. I was riding a 300cc Jawa motorcycle that gave me a mileage of nearly 35 km. And its 14-litre tank had enough fuel for me to do the entire stretc,fuel mileage / efficiency mention,False
https://www.team-bhp.com/news/recalling-my-journey-manali-leh-bike-35-years-ago,manali_leh,distance_mention,860 kms,"r. A few months earlier, I had undertaken the Bangalore-Pune journey (860 kms. in seventeen hours flat, NONSTOP, riding throughout the night.) Sinc",any bare NNN km / NNNN km mention,False
https://www.team-bhp.com/news/recalling-my-journey-manali-leh-bike-35-years-ago,manali_leh,distance_mention,520 km,after a day of driving Kia Syros EV to get two battery options; up to 520 km range Team-BHP.com Advice Classifieds Forum Hot Threads Directory -->,any bare NNN km / NNNN km mention,True
https://www.team-bhp.com/news/recalling-my-journey-manali-leh-bike-35-years-ago,manali_leh,distance_kilometre_word,470 kilometre,alone on a motorcycle on the highest motorable road in the world? The 470 kilometre Manali-Leh road covers the most formidable mountainous terrain passin,NNN kilometre(s) mention,False
https://www.team-bhp.com/news/recalling-my-journey-manali-leh-bike-35-years-ago,manali_leh,distance_kilometre_word,470 kilometre,"25 litres of petrol, since there would be no petrol pump for the next 470 kilometres! And after Keylong, absolutely no civilisation! The next 41 kilometr",NNN kilometre(s) mention,False
https://www.team-bhp.com/news/recalling-my-journey-manali-leh-bike-35-years-ago,manali_leh,distance_kilometre_word,470 kilometre,"een hours flat, NONSTOP, riding throughout the night.) Since, Leh was 470 kilometres away, I presumed that however tough this road, I might be able to co",NNN kilometre(s) mention,False
https://www.team-bhp.com/news/recalling-my-journey-manali-leh-bike-35-years-ago,manali_leh,fuel_litres_generic,25 litres of petrol,"r meandering around for a couple of hours, I had to stock myself with 25 litres of petrol, since there would be no petrol pump for the next 470 kilometres! And",any litres mention,False
https://www.team-bhp.com/news/hyderabad-ladakh-back-duke-390-epic-7000-km-trip,manali_leh,total_distance_labeled,Total distance: 492 km,"in Kakinada, Andhra Pradesh and rode to Hyderabad. Distance : 492 km Total distance: 492 km Day 2: Technically, it’s not day 2 of the ride because I stopped in H",explicit 'total distance ... NNN km' phrase,False
https://www.team-bhp.com/news/hyderabad-ladakh-back-duke-390-epic-7000-km-trip,manali_leh,total_distance_labeled,Total distance : 1392 km,"st of conditions with broken roads and bumpy rides. Distance : 900 km Total distance : 1392 km Day 3: I hopped out of bed at 6 AM and after a refreshing shower, I w",explicit 'total distance ... NNN km' phrase,False
https://www.team-bhp.com/news/hyderabad-ladakh-back-duke-390-epic-7000-km-trip,manali_leh,total_distance_labeled,Total distance : 2022 km,"running like a dream, so I decided to roll with it. Distance : 630 km Total distance : 2022 km Day 4 : Target Himachal The next day I was up early at 5:30 in the mo",explicit 'total distance ... NNN km' phrase,False
https://www.team-bhp.com/news/hyderabad-ladakh-back-duke-390-epic-7000-km-trip,manali_leh,total_distance_labeled,Total distance: 2392 km,ops to soak in the breathtaking views along the way Distance : 370 km Total distance: 2392 km Day 5: Remember how my friend stayed behind while I started my solo j,explicit 'total distance ... NNN km' phrase,False
https://www.team-bhp.com/news/hyderabad-ladakh-back-duke-390-epic-7000-km-trip,manali_leh,total_distance_labeled,Total distance : 2619 km,"ge from the rain gods. I arrived in Manali by 2 PM. Distance : 227 km Total distance : 2619 km After two more days of waiting in Manali, my friend finally joined me",explicit 'total distance ... NNN km' phrase,False
https://www.team-bhp.com/news/hyderabad-ladakh-back-duke-390-epic-7000-km-trip,manali_leh,distance_mention,000 km,"Hyderabad to Ladakh back on a Duke 390: An epic 7,000 km trip | Team-BHP Skip to main content Make Team-BHP your Home Page | -",any bare NNN km / NNNN km mention,False
https://www.team-bhp.com/news/hyderabad-ladakh-back-duke-390-epic-7000-km-trip,manali_leh,distance_mention,000 km,"ds Store --> News Hyderabad to Ladakh & back on a Duke 390: An epic 7,000 km trip 15th November 2024, 11:12 by Ananth Iyer --> View Forum Discussi",any bare NNN km / NNNN km mention,False
https://www.team-bhp.com/news/hyderabad-ladakh-back-duke-390-epic-7000-km-trip,manali_leh,distance_mention,492 km,"s house in Kakinada, Andhra Pradesh and rode to Hyderabad. Distance : 492 km Total distance: 492 km Day 2: Technically, it’s not day 2 of the ride",any bare NNN km / NNNN km mention,False
https://www.team-bhp.com/news/hyderabad-ladakh-back-duke-390-epic-7000-km-trip,manali_leh,distance_mention,492 km,"dhra Pradesh and rode to Hyderabad. Distance : 492 km Total distance: 492 km Day 2: Technically, it’s not day 2 of the ride because I stopped in H",any bare NNN km / NNNN km mention,False
https://www.team-bhp.com/news/hyderabad-ladakh-back-duke-390-epic-7000-km-trip,manali_leh,distance_mention,900 km,the best of conditions with broken roads and bumpy rides. Distance : 900 km Total distance : 1392 km Day 3: I hopped out of bed at 6 AM and after,any bare NNN km / NNNN km mention,False
https://www.team-bhp.com/news/hyderabad-ladakh-back-duke-390-epic-7000-km-trip,manali_leh,distance_mention,1392 km,"with broken roads and bumpy rides. Distance : 900 km Total distance : 1392 km Day 3: I hopped out of bed at 6 AM and after a refreshing shower, I w",any bare NNN km / NNNN km mention,False
https://www.team-bhp.com/news/hyderabad-ladakh-back-duke-390-epic-7000-km-trip,manali_leh,distance_mention,2500 km,"back to me the same day. The bike wasn’t due for service for another 2500 km, and it was running like a dream, so I decided to roll with it. Dista",any bare NNN km / NNNN km mention,False
https://www.team-bhp.com/news/hyderabad-ladakh-back-duke-390-epic-7000-km-trip,manali_leh,distance_mention,630 km,"it was running like a dream, so I decided to roll with it. Distance : 630 km Total distance : 2022 km Day 4 : Target Himachal The next day I was u",any bare NNN km / NNNN km mention,False
https://www.team-bhp.com/news/hyderabad-ladakh-back-duke-390-epic-7000-km-trip,manali_leh,distance_mention,2022 km,"eam, so I decided to roll with it. Distance : 630 km Total distance : 2022 km Day 4 : Target Himachal The next day I was up early at 5:30 in the mo",any bare NNN km / NNNN km mention,False
https://www.team-bhp.com/news/hyderabad-ladakh-back-duke-390-epic-7000-km-trip,manali_leh,distance_mention,370 km,y of stops to soak in the breathtaking views along the way Distance : 370 km Total distance: 2392 km Day 5: Remember how my friend stayed behind w,any bare NNN km / NNNN km mention,False
https://www.team-bhp.com/news/hyderabad-ladakh-back-duke-390-epic-7000-km-trip,manali_leh,distance_mention,2392 km,he breathtaking views along the way Distance : 370 km Total distance: 2392 km Day 5: Remember how my friend stayed behind while I started my solo j,any bare NNN km / NNNN km mention,False
https://www.team-bhp.com/news/hyderabad-ladakh-back-duke-390-epic-7000-km-trip,manali_leh,distance_mention,227 km,"challenge from the rain gods. I arrived in Manali by 2 PM. Distance : 227 km Total distance : 2619 km After two more days of waiting in Manali, my",any bare NNN km / NNNN km mention,False
https://www.team-bhp.com/news/hyderabad-ladakh-back-duke-390-epic-7000-km-trip,manali_leh,distance_mention,2619 km,"gods. I arrived in Manali by 2 PM. Distance : 227 km Total distance : 2619 km After two more days of waiting in Manali, my friend finally joined me",any bare NNN km / NNNN km mention,False
https://www.team-bhp.com/news/hyderabad-ladakh-back-duke-390-epic-7000-km-trip,manali_leh,distance_mention,520 km,after a day of driving Kia Syros EV to get two battery options; up to 520 km range Team-BHP.com Advice Classifieds Forum Hot Threads Directory -->,any bare NNN km / NNNN km mention,True
https://www.team-bhp.com/news/hyderabad-ladakh-back-duke-390-epic-7000-km-trip,manali_leh,distance_kilometre_word,3000 kilometre,"front brake pads - sintered. The previous ones lasted from 12400 to 23000 kilometres. Not bad. Rear break pads - organic. Spark plug Overall, it costed 6",NNN kilometre(s) mention,False
https://www.team-bhp.com/news/hyderabad-ladakh-back-duke-390-epic-7000-km-trip,manali_leh,distance_kilometre_word,3000 kilometre,"too. They obliged again. Total damage to the wallet: INR 3607 I rode 3000 kilometres again to get back home. Overall, the whole trip was 7000 kilometres",NNN kilometre(s) mention,False
https://www.team-bhp.com/news/hyderabad-ladakh-back-duke-390-epic-7000-km-trip,manali_leh,distance_kilometre_word,7000 kilometre,"e 3000 kilometres again to get back home. Overall, the whole trip was 7000 kilometres across the country. Last pic for the post. Who's a handsome devil? R",NNN kilometre(s) mention,False
https://www.team-bhp.com/news/hyderabad-ladakh-back-duke-390-epic-7000-km-trip,manali_leh,duration_hours,4 hours,"bikes to tend to and it was almost lunchtime. So, it took them about 4 hours to finish tending to the bike. The culprit was a busted oil seal. I a",N hours mention,False
https://www.team-bhp.com/news/my-bmw-f850-gs-significant-observations-while-riding-around-ladakh,manali_leh,distance_mention,100km,", altitude and speed. Around these parts iam getting around 4.5L per 100km average which I think is amazing for this class of bike. On the plain",any bare NNN km / NNNN km mention,False
https://www.team-bhp.com/news/my-bmw-f850-gs-significant-observations-while-riding-around-ladakh,manali_leh,distance_mention,100km,zing for this class of bike. On the plains it was about 5 to 5.5l per 100km. That's all for now. Will post more as I go along. Attaching Some pic,any bare NNN km / NNNN km mention,False
https://www.team-bhp.com/news/my-bmw-f850-gs-significant-observations-while-riding-around-ladakh,manali_leh,distance_mention,520 km,after a day of driving Kia Syros EV to get two battery options; up to 520 km range Team-BHP.com Advice Classifieds Forum Hot Threads Directory -->,any bare NNN km / NNNN km mention,True
https://www.team-bhp.com/news/my-bmw-f850-gs-significant-observations-while-riding-around-ladakh,manali_leh,fuel_litres_generic,4.5L,"n terrain , altitude and speed. Around these parts iam getting around 4.5L per 100km average which I think is amazing for this class of bike. On",any litres mention,False
https://www.team-bhp.com/news/my-bmw-f850-gs-significant-observations-while-riding-around-ladakh,manali_leh,fuel_litres_generic,5.5l,nk is amazing for this class of bike. On the plains it was about 5 to 5.5l per 100km. That's all for now. Will post more as I go along. Attachin,any litres mention,False
https://rideandfire.in/blog/manali-to-leh-distance-guide-2026,manali_leh,total_distance_labeled,Total Distance: ~427 km,reases the risk of hospitalization upon arrival in Leh. The Logistics Total Distance: ~427 km (via Atal Tunnel Keylong). Riding Time: 12 â 14 Hours (Non-stop). R,explicit 'total distance ... NNN km' phrase,False
https://rideandfire.in/blog/manali-to-leh-distance-guide-2026,manali_leh,distance_mention,428km,gory: Riding Routes | Read Time: 6 min manali to leh highway distance 428km Quick Summary: Manali to Leh Highway Distance & Routes Quick Answer (,any bare NNN km / NNNN km mention,False
https://rideandfire.in/blog/manali-to-leh-distance-guide-2026,manali_leh,distance_mention,428 km,"nce & Routes Quick Answer (AI Summary) : The Manali-Leh Highway spans 428 km, crossing 5 high passes (including Baralacha La and Taglang La). The",any bare NNN km / NNNN km mention,False
https://rideandfire.in/blog/manali-to-leh-distance-guide-2026,manali_leh,distance_mention,365 km,"passes (including Baralacha La and Taglang La). The route contains a 365 km fuel dead zone between Tandi and Karu, making spare fuel containers m",any bare NNN km / NNNN km mention,False
https://rideandfire.in/blog/manali-to-leh-distance-guide-2026,manali_leh,distance_mention,100km,"ut in the Himalayas, distance is measured in hours, not kilometers. A 100km stretch in the plains might take 90 minutes; on the Manali-Leh Highwa",any bare NNN km / NNNN km mention,False
https://rideandfire.in/blog/manali-to-leh-distance-guide-2026,manali_leh,distance_mention,427 km,"eck: How Long Does Manali to Leh Actually Take? Distance is constant (427 km), but time varies wildly depending on your wheels. Here is the realis",any bare NNN km / NNNN km mention,False
https://rideandfire.in/blog/manali-to-leh-distance-guide-2026,manali_leh,distance_mention,427 km,f hospitalization upon arrival in Leh. The Logistics Total Distance: ~427 km (via Atal Tunnel Keylong). Riding Time: 12 â 14 Hours (Non-stop). R,any bare NNN km / NNNN km mention,False
https://rideandfire.in/blog/manali-to-leh-distance-guide-2026,manali_leh,distance_mention,100 km,"s dangerous. The altitude gain is aggressive. Day 1: Manali to Jispa (100 km): Easy ride. Acclimatize at 10,500 ft. Enjoy the greenery. Day 2: Jis",any bare NNN km / NNNN km mention,False
https://rideandfire.in/blog/manali-to-leh-distance-guide-2026,manali_leh,distance_mention,327 km,"e. Acclimatize at 10,500 ft. Enjoy the greenery. Day 2: Jispa to Leh (327 km): The long haul. You cross Baralacha La (16,040 ft), Nakee La, Lachun",any bare NNN km / NNNN km mention,False
https://rideandfire.in/blog/manali-to-leh-distance-guide-2026,manali_leh,distance_mention,280 km,digital detox. The Blackout Zone: There is a stretch of approximately 280 km between Jispa (Himachal) and Upshi (Ladakh) where there is absolutely,any bare NNN km / NNNN km mention,False
https://rideandfire.in/blog/manali-to-leh-distance-guide-2026,manali_leh,distance_mention,427 km,r: The Distance Battle Feature Manali to Leh Srinagar to Leh Distance 427 km 420 km Avg Speed 25-35 km/h 40-50 km/h Road Condition Mix of Tarmac O,any bare NNN km / NNNN km mention,False
https://rideandfire.in/blog/manali-to-leh-distance-guide-2026,manali_leh,distance_mention,420 km,Distance Battle Feature Manali to Leh Srinagar to Leh Distance 427 km 420 km Avg Speed 25-35 km/h 40-50 km/h Road Condition Mix of Tarmac Off-road,any bare NNN km / NNNN km mention,False
https://rideandfire.in/blog/manali-to-leh-distance-guide-2026,manali_leh,distance_mention,365 km,"ong) and Karu (near Leh), there is a massive stretch of approximately 365 km with NO petrol pumps . If you are riding a Royal Enfield Himalayan or",any bare NNN km / NNNN km mention,False
https://rideandfire.in/blog/manali-to-leh-distance-guide-2026,manali_leh,distance_mention,365 km,the Tandi Petrol Pump (it has a famous sign: âNext Filling Station 365 km awayâ ). The âBlack Marketâ Reality: While some dhabas in Sarch,any bare NNN km / NNNN km mention,False
https://rideandfire.in/blog/manali-to-leh-distance-guide-2026,manali_leh,distance_mention,400km,his. Backup: Carry a 5L Jerry Can if your bikeâs range is less than 400km. The â12:00 PM Ruleâ (Crucial for Safety) There is a hidden dange,any bare NNN km / NNNN km mention,False
https://rideandfire.in/blog/manali-to-leh-distance-guide-2026,manali_leh,distance_mention,200km,"d Resource: While most riders check the Leh administration, the first 200km of your ride falls under Himachal jurisdiction. For real-time updates",any bare NNN km / NNNN km mention,False
https://rideandfire.in/blog/manali-to-leh-distance-guide-2026,manali_leh,distance_mention,427 km,eters is Manali to Leh via Atal Tunnel? The distance is approximately 427 km . The Atal Tunnel reduces the distance by about 46 km compared to the,any bare NNN km / NNNN km mention,False
https://rideandfire.in/blog/manali-to-leh-distance-guide-2026,manali_leh,distance_mention,427 km,eters is Manali to Leh via Atal Tunnel? The distance is approximately 427 km. The Atal Tunnel reduces the distance by about 46 km compared to the,any bare NNN km / NNNN km mention,False
https://rideandfire.in/blog/manali-to-leh-distance-guide-2026,manali_leh,duration_days,2 Days,tart by 4:00 AM to avoid water crossings. ï¸ Bike Expedition (Group) 2 Days High (Paced) Stops at Jispa/Sarchu for acclimatization. HRTC/HPTDC Bu,N days mention,False
https://rideandfire.in/blog/manali-to-leh-distance-guide-2026,manali_leh,duration_days,2 Days,igh (Paced) Stops at Jispa/Sarchu for acclimatization. HRTC/HPTDC Bus 2 Days (Overnight Halt) Medium Strict schedule. Halts at Keylong (HPTDC) or,N days mention,False
https://rideandfire.in/blog/manali-to-leh-distance-guide-2026,manali_leh,duration_days,2 Days,Keylong). Riding Time: 12 â 14 Hours (Non-stop). Recommended Time: 2 Days (One night stopover is mandatory). The Route: Manali â Atal Tunnel,N days mention,False
https://rideandfire.in/blog/manali-to-leh-distance-guide-2026,manali_leh,duration_days,1 day,"k our Live Road Status for current updates. Can I do Manali to Leh in 1 day? Technically, yes (14-16 hours driving). Practically, NO. We strongly",N days mention,False
https://rideandfire.in/blog/manali-to-leh-distance-guide-2026,manali_leh,duration_days,1 day,"k our Live Road Status for current updates. Can I do Manali to Leh in 1 day? Technically, yes (14-16 hours driving). Practically, NO. We strongly",N days mention,False
https://rideandfire.in/blog/manali-to-leh-distance-guide-2026,manali_leh,duration_hours,5 hours,"ke 90 minutes; on the Manali-Leh Highway, that same distance can take 5 hours of grueling off-road riding, water crossings, and high-altitude passe",N hours mention,False
https://rideandfire.in/blog/manali-to-leh-distance-guide-2026,manali_leh,duration_hours,3 hours,torcycle expeditions. You skip the old Rohtang Pass traffic (saving 2-3 hours) and dive straight into the adventure via the engineering marvel that,N hours mention,False
https://rideandfire.in/blog/manali-to-leh-distance-guide-2026,manali_leh,duration_hours,14 Hours,Way) Comfort Level Key Constraint ï¸ Solo Biker (Aggressive) 12 â 14 Hours Low (Exhausting) Must start by 4:00 AM to avoid water crossings. ï¸,N hours mention,False
https://rideandfire.in/blog/manali-to-leh-distance-guide-2026,manali_leh,duration_hours,16 Hours,"Keylong (HPTDC) or Keylong (HRTC). Private Taxi (Innova/Xylo) 14 â 16 Hours High (Heated) Expensive (â¹15,000+). Drivers often rush, causing AMS",N hours mention,False
https://rideandfire.in/blog/manali-to-leh-distance-guide-2026,manali_leh,duration_hours,14 Hours,otal Distance: ~427 km (via Atal Tunnel Keylong). Riding Time: 12 â 14 Hours (Non-stop). Recommended Time: 2 Days (One night stopover is mandatory,N hours mention,False
https://rideandfire.in/blog/manali-to-leh-distance-guide-2026,manali_leh,duration_hours,16 hours,"urrent updates. Can I do Manali to Leh in 1 day? Technically, yes (14-16 hours driving). Practically, NO. We strongly advise against it. The rapid a",N hours mention,False
https://rideandfire.in/blog/manali-to-leh-distance-guide-2026,manali_leh,duration_hours,3 hours,nce by about 46 km compared to the old Rohtang Pass route and saves 2-3 hours of travel time. Frequently Asked Questions Is the Manali-Leh highway,N hours mention,False
https://rideandfire.in/blog/manali-to-leh-distance-guide-2026,manali_leh,duration_hours,16 hours,"urrent updates. Can I do Manali to Leh in 1 day? Technically, yes (14-16 hours driving). Practically, NO. We strongly advise against it. The rapid a",N hours mention,False
https://rideandfire.in/blog/manali-to-leh-distance-guide-2026,manali_leh,duration_hours,3 hours,nce by about 46 km compared to the old Rohtang Pass route and saves 2-3 hours of travel time. Ready to ride? Book directly to secure standard union,N hours mention,False
https://rideandfire.in/blog/manali-to-leh-distance-guide-2026,manali_leh,fuel_litres_generic,5L,adulterated with kerosene/water. Do not rely on this. Backup: Carry a 5L Jerry Can if your bikeâs range is less than 400km. The â12:00 PM,any litres mention,False
https://footloosedev.com/bike-expedition-spiti-valley-itinerary/,spiti_circuit,distance_mention,1000 km,"on to Spiti Valley A complete Spiti Valley circuit covers roughly 700–1000 km, depending on your chosen route and detours. You can also complete th",any bare NNN km / NNNN km mention,False
https://footloosedev.com/bike-expedition-spiti-valley-itinerary/,spiti_circuit,distance_mention,250 km,"was empty, smooth, and inviting. Within four hours, I had covered the 250 km stretch from Delhi to Chandigarh. It was the only night during this e",any bare NNN km / NNNN km mention,False
https://footloosedev.com/bike-expedition-spiti-valley-itinerary/,spiti_circuit,distance_mention,150 km,"any standard Spiti Valley itineraries skip it because it adds roughly 150 km to the total Delhi–Spiti circuit. But if you have an extra day, Chitk",any bare NNN km / NNNN km mention,False
https://footloosedev.com/bike-expedition-spiti-valley-itinerary/,spiti_circuit,distance_mention,200 km,". Important: Rekong Peo has the last petrol pump before Kaza — nearly 200 km away. Fill up here. After Puh, you’ll encounter your first registrati",any bare NNN km / NNNN km mention,False
https://footloosedev.com/bike-expedition-spiti-valley-itinerary/,spiti_circuit,distance_mention,200 km,"a, being the district headquarters, has the only petrol pump within a 200 km radius. Any Spiti Valley itinerary must pass through Kaza for refuell",any bare NNN km / NNNN km mention,False
https://footloosedev.com/bike-expedition-spiti-valley-itinerary/,spiti_circuit,duration_days,9 days,"TC department. Here’s the Delhi to Spiti Valley route map. It took me 9 days to complete the itinerary solo, while camping on the way: You may als",N days mention,False
https://footloosedev.com/bike-expedition-spiti-valley-itinerary/,spiti_circuit,duration_days,9 days,authentic. How Many Days Are Enough For Spiti Valley? A minimum of 7–9 days is ideal for a complete Spiti Valley circuit. Short on time? A 5-day,N days mention,False
https://footloosedev.com/bike-expedition-spiti-valley-itinerary/,spiti_circuit,duration_days,10 days,"is possible but rushed. If you re coming from Delhi, plan at least 8–10 days for a comfortable Spiti Valley road trip. Is Spiti Valley Safe For So",N days mention,False
https://footloosedev.com/bike-expedition-spiti-valley-itinerary/,spiti_circuit,duration_hours,8 hours,atiana (near Narkanda) on Day 1 itself. Delhi to Matiana takes around 8 hours. I stopped in Chandigarh simply to keep the ride relaxed and unhurrie,N hours mention,False
https://footloosedev.com/bike-expedition-spiti-valley-itinerary/,spiti_circuit,duration_hours,5 hours,"lley ) Day 2: Chandigarh to Matiana From Chandigarh, it takes about 1.5 hours to reach Shimla — traffic permitting. The road toward Shimla and furt",N hours mention,False
https://footloosedev.com/bike-expedition-spiti-valley-itinerary/,spiti_circuit,duration_hours,4 hour,"nutes to reach Kaza. After topping up fuel, I rode toward Losar — a 3–4 hour journey through dramatic terrain. Losar feels like a hidden Shangri-L",N hours mention,False
https://footloosedev.com/bike-expedition-spiti-valley-itinerary/,spiti_circuit,duration_hours,5 hours,ad. Drive slowly. The 50 km stretch from Batal to Gramphoo can take 4–5 hours due to broken terrain. Eat well at Batal dhabas — the next proper sto,N hours mention,False
https://footloosecamps.com/spiti-valley-shimla-to-manali-circuit/,spiti_circuit,distance_mention,180 km,"Valley Itinerary – Shimla to Manali Circuit Day 1: Shimla to Sarahan (180 km, 6-7 hrs) Shimla to Narkanda (65 km, 2 hrs): Smooth tarmac through ap",any bare NNN km / NNNN km mention,False
https://footloosecamps.com/spiti-valley-shimla-to-manali-circuit/,spiti_circuit,distance_mention,120 km,"iddu (local bread) with ghee is legendary. Day 2: Sarahan to Chitkul (120 km, 5-6 hrs) Route Breakdown: Sarahan to Jeori (30 km, 1 hr): The road f",any bare NNN km / NNNN km mention,False
https://footloosecamps.com/spiti-valley-shimla-to-manali-circuit/,spiti_circuit,distance_mention,100 km,"0/bed): Backpacker-friendly with a bonfire pit. Day 4: Kalpa to Nako (100 km, 5-6 hrs) Route Breakdown: Kalpa to Puh (60 km, 3 hrs): The Sutlej Va",any bare NNN km / NNNN km mention,False
https://footloosecamps.com/spiti-valley-shimla-to-manali-circuit/,spiti_circuit,distance_mention,120 km,"(₹600/bed): Sleep on traditional Kinnauri rugs. Day 5: Nako to Kaza (120 km, 6-7 hrs) Route Breakdown: Nako to Tabo (60 km, 3 hrs): Ride through",any bare NNN km / NNNN km mention,False
https://footloosecamps.com/spiti-valley-shimla-to-manali-circuit/,spiti_circuit,distance_mention,100 km,"Same as Day 5 (Return to Kaza by evening). Day 7: Kaza to Chandratal (100 km, 6-7 hrs) Route Breakdown: Kaza to Kunzum Pass (75 km, 4 hrs): The mo",any bare NNN km / NNNN km mention,False
https://footloosecamps.com/spiti-valley-shimla-to-manali-circuit/,spiti_circuit,distance_mention,120 km,"Their maggi tastes like heaven at -5°C. Day 8: Chandratal to Manali (120 km, 7-8 hrs) Route Breakdown: Chandratal to Batal (25 km, 1.5 hrs): The",any bare NNN km / NNNN km mention,False
https://footloosecamps.com/spiti-valley-shimla-to-manali-circuit/,spiti_circuit,duration_days,10 Days,"night Luxury camps (₹5,000+) Permits ₹50-100 Included Included Total (10 Days) ₹20,000 ₹35,000 ₹60,000+ When to Go? Best Time For Spiti Valley Trip",N days mention,False
https://footloosecamps.com/spiti-valley-shimla-to-manali-circuit/,spiti_circuit,duration_days,3 days,eptember (but July-August rains trigger landslides—I was stranded for 3 days in 2019). Secret Tip: Late September has zero crowds but pack a heavy,N days mention,False
https://footloosecamps.com/spiti-valley-shimla-to-manali-circuit/,spiti_circuit,duration_hours,7 hrs,"nerary – Shimla to Manali Circuit Day 1: Shimla to Sarahan (180 km, 6-7 hrs) Shimla to Narkanda (65 km, 2 hrs): Smooth tarmac through apple orcha",N hours mention,False
https://footloosecamps.com/spiti-valley-shimla-to-manali-circuit/,spiti_circuit,duration_hours,2 hrs,"Day 1: Shimla to Sarahan (180 km, 6-7 hrs) Shimla to Narkanda (65 km, 2 hrs): Smooth tarmac through apple orchards. Stop at Dhalli’s Coffee House",N hours mention,False
https://footloosecamps.com/spiti-valley-shimla-to-manali-circuit/,spiti_circuit,duration_hours,5 hrs,"it—I once saw a Himalayan griffon here! Narkanda to Rampur (75 km, 2.5 hrs): Descend to the Sutlej Valley. The road hugs cliffs—watch for fallin",N hours mention,False
https://footloosecamps.com/spiti-valley-shimla-to-manali-circuit/,spiti_circuit,duration_hours,2 hrs,"rrycan (trust me, you’ll need it in Kalpa). Rampur to Sarahan (40 km, 2 hrs): Narrow, winding roads with no guardrails. Locals drive like they’re",N hours mention,False
https://footloosecamps.com/spiti-valley-shimla-to-manali-circuit/,spiti_circuit,duration_hours,6 hrs,"l bread) with ghee is legendary. Day 2: Sarahan to Chitkul (120 km, 5-6 hrs) Route Breakdown: Sarahan to Jeori (30 km, 1 hr): The road follows th",N hours mention,False
https://footloosecamps.com/spiti-valley-shimla-to-manali-circuit/,spiti_circuit,duration_hours,1 hr,"o Chitkul (120 km, 5-6 hrs) Route Breakdown: Sarahan to Jeori (30 km, 1 hr): The road follows the gushing Sutlej River. Stop at Jeori’s red brid",N hours mention,False
https://footloosecamps.com/spiti-valley-shimla-to-manali-circuit/,spiti_circuit,duration_hours,5 hrs,"s (but don’t linger—monkeys steal snacks). Jeori to Karcham (40 km, 1.5 hrs): Beware: This stretch has active blasting zones (check timings with",N hours mention,False
https://footloosecamps.com/spiti-valley-shimla-to-manali-circuit/,spiti_circuit,duration_hours,2 hours,"has active blasting zones (check timings with locals). I once waited 2 hours for dynamite clearance! Karcham to Chitkul (50 km, 2.5 hrs): The Basp",N hours mention,False
https://footloosecamps.com/spiti-valley-shimla-to-manali-circuit/,spiti_circuit,duration_hours,5 hrs,"e waited 2 hours for dynamite clearance! Karcham to Chitkul (50 km, 2.5 hrs): The Baspa River accompanies you. Roads are 50% broken—stand on foot",N hours mention,False
https://footloosecamps.com/spiti-valley-shimla-to-manali-circuit/,spiti_circuit,duration_hours,5 hrs,"je Bhai will lend you woolen socks. Day 3: Chitkul to Kalpa (80 km, 4-5 hrs) Route Breakdown: Chitkul to Sangla (30 km, 1.5 hrs): Retrace your ro",N hours mention,False
https://footloosecamps.com/spiti-valley-shimla-to-manali-circuit/,spiti_circuit,duration_hours,5 hrs,"o Kalpa (80 km, 4-5 hrs) Route Breakdown: Chitkul to Sangla (30 km, 1.5 hrs): Retrace your route back to Sangla. The morning light on the Baspa V",N hours mention,False
https://footloosecamps.com/spiti-valley-shimla-to-manali-circuit/,spiti_circuit,duration_hours,2 hrs,"agical—stop at Batseri village for chai. Sangla to Recong Peo (40 km, 2 hrs): The road climbs steadily with sheer drops. In 2020, I saw a bus scr",N hours mention,False
https://footloosecamps.com/spiti-valley-shimla-to-manali-circuit/,spiti_circuit,duration_hours,6 hrs,"ckpacker-friendly with a bonfire pit. Day 4: Kalpa to Nako (100 km, 5-6 hrs) Route Breakdown: Kalpa to Puh (60 km, 3 hrs): The Sutlej Valley narr",N hours mention,False
https://footloosecamps.com/spiti-valley-shimla-to-manali-circuit/,spiti_circuit,duration_hours,3 hrs,"Kalpa to Nako (100 km, 5-6 hrs) Route Breakdown: Kalpa to Puh (60 km, 3 hrs): The Sutlej Valley narrows into a gorge. Roads are paved but crumbli",N hours mention,False
https://footloosecamps.com/spiti-valley-shimla-to-manali-circuit/,spiti_circuit,duration_hours,2 hrs,"h a stranded Bolero—don’t stop here during rains. Puh to Nako (40 km, 2 hrs): A moonscape emerges as you climb to 3,662m. The air thins—drink wat",N hours mention,False
https://footloosecamps.com/spiti-valley-shimla-to-manali-circuit/,spiti_circuit,duration_hours,7 hrs,"): Sleep on traditional Kinnauri rugs. Day 5: Nako to Kaza (120 km, 6-7 hrs) Route Breakdown: Nako to Tabo (60 km, 3 hrs): Ride through the Spiti",N hours mention,False
https://footloosecamps.com/spiti-valley-shimla-to-manali-circuit/,spiti_circuit,duration_hours,3 hrs,"Nako to Kaza (120 km, 6-7 hrs) Route Breakdown: Nako to Tabo (60 km, 3 hrs): Ride through the Spiti River gorge. The road is 50% loose gravel—co",N hours mention,False
https://footloosecamps.com/spiti-valley-shimla-to-manali-circuit/,spiti_circuit,duration_hours,2 hrs,"emove shoes and don’t photograph the deities. Tabo to Dhankar (30 km, 2 hrs): A steep climb to 3,894m. The Dhankar Fort trail is slippery—wear gr",N hours mention,False
https://footloosecamps.com/spiti-valley-shimla-to-manali-circuit/,spiti_circuit,duration_hours,5 hrs,"r Fort trail is slippery—wear grippy shoes. Dhankar to Kaza (30 km, 1.5 hrs): The final stretch is smooth tarmac. Spot blue sheep near Langza. Ke",N hours mention,False
https://footloosecamps.com/spiti-valley-shimla-to-manali-circuit/,spiti_circuit,duration_hours,1 hr,". Visit the snow leopard conservation center. Kibber to Komik (20 km, 1 hr): A bone-rattling ride to 4,593m. The Komik Monastery has a 15ft Mait",N hours mention,False
https://footloosecamps.com/spiti-valley-shimla-to-manali-circuit/,spiti_circuit,duration_hours,7 hrs,"y 5 (Return to Kaza by evening). Day 7: Kaza to Chandratal (100 km, 6-7 hrs) Route Breakdown: Kaza to Kunzum Pass (75 km, 4 hrs): The most challe",N hours mention,False
https://footloosecamps.com/spiti-valley-shimla-to-manali-circuit/,spiti_circuit,duration_hours,4 hrs,"dratal (100 km, 6-7 hrs) Route Breakdown: Kaza to Kunzum Pass (75 km, 4 hrs): The most challenging ride of the trip. River crossings near Losar c",N hours mention,False
https://footloosecamps.com/spiti-valley-shimla-to-manali-circuit/,spiti_circuit,duration_hours,2 hrs,"erge your exhaust—ride in 1st gear. Kunzum Pass to Chandratal (25 km, 2 hrs): A 4 4-only track. Park at Batal and take a shared jeep (₹500/person",N hours mention,False
https://footloosecamps.com/spiti-valley-shimla-to-manali-circuit/,spiti_circuit,duration_hours,8 hrs,"gi tastes like heaven at -5°C. Day 8: Chandratal to Manali (120 km, 7-8 hrs) Route Breakdown: Chandratal to Batal (25 km, 1.5 hrs): The Chandra R",N hours mention,False
https://footloosecamps.com/spiti-valley-shimla-to-manali-circuit/,spiti_circuit,duration_hours,5 hrs,"nali (120 km, 7-8 hrs) Route Breakdown: Chandratal to Batal (25 km, 1.5 hrs): The Chandra River must be crossed at dawn (water levels rise by noo",N hours mention,False
https://footloosecamps.com/spiti-valley-shimla-to-manali-circuit/,spiti_circuit,duration_hours,3 hrs,"crossed at dawn (water levels rise by noon). Batal to Gramphu (50 km, 3 hrs): A mud-and-rock trail with 32 river crossings. My GoPro fell here in",N hours mention,False
https://footloosecamps.com/spiti-valley-shimla-to-manali-circuit/,spiti_circuit,duration_hours,5 hrs,". My GoPro fell here in 2019—RIP footage. Gramphu to Manali (45 km, 2.5 hrs): Rohtang Pass is crowded with tourists. Skip the selfies—head straig",N hours mention,False
https://footloosecamps.com/spiti-valley-shimla-to-manali-circuit/,spiti_circuit,fuel_litres_generic,5L,"Fuel Stop: Last proper petrol pump before Spiti. Fill up and carry a 5L jerrycan (trust me, you’ll need it in Kalpa). Rampur to Sarahan (40 k",any litres mention,False
https://www.team-bhp.com/news/unforgettable-road-trip-spiti-my-royal-enfield-himalayan-450,spiti_circuit,distance_mention,800 Kms,"ey ahead. Travel plan The plan was to cover a distance of ~ 1,750 - 1,800 Kms., in the mountains, in a span of 12 days, starting our journey from C",any bare NNN km / NNNN km mention,False
https://www.team-bhp.com/news/unforgettable-road-trip-spiti-my-royal-enfield-himalayan-450,spiti_circuit,distance_mention,145 Kms,"f a lifetime. The road from Khab via Nako, Tabo, Dhankar till Kaza (~ 145 Kms.), offers a mix of blissful tarmac road (with some amazing serpentine",any bare NNN km / NNNN km mention,False
https://www.team-bhp.com/news/unforgettable-road-trip-spiti-my-royal-enfield-himalayan-450,spiti_circuit,distance_mention,400 Kms,"mpur Bushahar. Post which I travelled approximately a distance of 380-400 Kms. (from Rampur Bushahar, to Batseri, to Chitkul, to Batseri (return),",any bare NNN km / NNNN km mention,False
https://www.team-bhp.com/news/unforgettable-road-trip-spiti-my-royal-enfield-himalayan-450,spiti_circuit,distance_mention,154 Kms,"towards Kalpa (Via: Nako, Pooh Rekong Peo), which is at a distance of 154 Kms. from Gue. Kalpa offers magnanimous views of the Kinner Kailash Parwa",any bare NNN km / NNNN km mention,False
https://www.team-bhp.com/news/unforgettable-road-trip-spiti-my-royal-enfield-himalayan-450,spiti_circuit,distance_mention,9900 km,"ip as husband & wife in a Nissan Micra 13 states, 93 days & more than 9900 km: Epic road trip in my Creta Did a Delhi-Raipur road trip: The route I",any bare NNN km / NNNN km mention,False
https://www.team-bhp.com/news/unforgettable-road-trip-spiti-my-royal-enfield-himalayan-450,spiti_circuit,distance_mention,520 km,after a day of driving Kia Syros EV to get two battery options; up to 520 km range Team-BHP.com Advice Classifieds Forum Hot Threads Directory -->,any bare NNN km / NNNN km mention,True
https://www.team-bhp.com/news/unforgettable-road-trip-spiti-my-royal-enfield-himalayan-450,spiti_circuit,duration_days,12 days,"er a distance of ~ 1,750 - 1,800 Kms., in the mountains, in a span of 12 days, starting our journey from Chandigarh (which is at an altitude of 1,0",N days mention,False
https://www.team-bhp.com/news/unforgettable-road-trip-spiti-my-royal-enfield-himalayan-450,spiti_circuit,duration_days,4 days,"y. DAY 7 KAZA, LAHAUL - SPITI DISTRICT So after having spent 3 nights 4 days at Kaza, it was time for us to bid adieu to Kaza to explore other reg",N days mention,False
https://www.team-bhp.com/news/unforgettable-road-trip-spiti-my-royal-enfield-himalayan-450,spiti_circuit,duration_days,4 days,ZA So we bid farewell to Hotel Deyzor (our place of stay for the last 4 days) Kaza at around 09:00-09:30 AM headed for our onward journey to Kalpa,N days mention,False
https://www.team-bhp.com/news/unforgettable-road-trip-spiti-my-royal-enfield-himalayan-450,spiti_circuit,duration_days,93 days,"angalore-Goa road trip as husband & wife in a Nissan Micra 13 states, 93 days & more than 9900 km: Epic road trip in my Creta Did a Delhi-Raipur ro",N days mention,False
https://www.team-bhp.com/news/unforgettable-road-trip-spiti-my-royal-enfield-himalayan-450,spiti_circuit,duration_hours,12 Hrs,"O KAZA DAY 5 KAZA, LAHAUL - SPITI DISTRICT After spending close to 10-12 Hrs. on my Bike, the day before, with a road journey from Batseri to Chit",N hours mention,False
https://trekgo.in/blog/shimla-to-spiti-valley-bike-trip,spiti_circuit,distance_mention,175 km,ons. Section Distance Time Required Key Attractions Shimla to Sarahan 175 km 1 day Bhimakali Temple Sarahan to Sangla 20 km Half day Sangla Valley,any bare NNN km / NNNN km mention,False
https://trekgo.in/blog/shimla-to-spiti-valley-bike-trip,spiti_circuit,distance_mention,115 km,"ort Sangla to Kalpa 45 km Half day Kinnaur Kailash view Kalpa to Nako 115 km 1 day Nako Lake, Malling Nullah Nako to Tabo 70 km 1 day Tabo Monaste",any bare NNN km / NNNN km mention,False
https://trekgo.in/blog/shimla-to-spiti-valley-bike-trip,spiti_circuit,distance_mention,175 km,"on, exploration, and rest days when needed. Day 1: Shimla to Sarahan (175 km, 6-7 hours). Start early from Shimla , heading east on the Hindustan-",any bare NNN km / NNNN km mention,False
https://trekgo.in/blog/shimla-to-spiti-valley-bike-trip,spiti_circuit,distance_mention,115 km,"ong Peo area offers good accommodation options. Day 4: Kalpa to Nako (115 km, 6-7 hours). This is one of the most challenging and spectacular ridi",any bare NNN km / NNNN km mention,False
https://trekgo.in/blog/shimla-to-spiti-valley-bike-trip,spiti_circuit,distance_mention,200 km,"a round trip, head back toward Manali via Kunzum Pass (approximately 200 km, 2 days). For one-way trips, spend the day exploring more of Spiti be",any bare NNN km / NNNN km mention,False
https://trekgo.in/blog/shimla-to-spiti-valley-bike-trip,spiti_circuit,duration_days,8 days,"main town) is approximately 425 kilometers, typically covered over 7-8 days depending on your pace and stops. The route progresses through severa",N days mention,False
https://trekgo.in/blog/shimla-to-spiti-valley-bike-trip,spiti_circuit,duration_days,3 days,"rcuit). The return via Manali adds approximately 200 kilometers and 2-3 days, crossing Kunzum Pass and Rohtang Pass, making for a complete Spiti e",N days mention,False
https://trekgo.in/blog/shimla-to-spiti-valley-bike-trip,spiti_circuit,duration_days,1 day,"ction Distance Time Required Key Attractions Shimla to Sarahan 175 km 1 day Bhimakali Temple Sarahan to Sangla 20 km Half day Sangla Valley, Kamr",N days mention,False
https://trekgo.in/blog/shimla-to-spiti-valley-bike-trip,spiti_circuit,duration_days,1 day,"gla to Kalpa 45 km Half day Kinnaur Kailash view Kalpa to Nako 115 km 1 day Nako Lake, Malling Nullah Nako to Tabo 70 km 1 day Tabo Monastery Tab",N days mention,False
https://trekgo.in/blog/shimla-to-spiti-valley-bike-trip,spiti_circuit,duration_days,1 day,"lpa to Nako 115 km 1 day Nako Lake, Malling Nullah Nako to Tabo 70 km 1 day Tabo Monastery Tabo to Kaza 50 km 1 day Dhankar Monastery Detailed It",N days mention,False
https://trekgo.in/blog/shimla-to-spiti-valley-bike-trip,spiti_circuit,duration_days,1 day,ing Nullah Nako to Tabo 70 km 1 day Tabo Monastery Tabo to Kaza 50 km 1 day Dhankar Monastery Detailed Itinerary (7-8 Days) A well-paced 7-8 day,N days mention,False
https://trekgo.in/blog/shimla-to-spiti-valley-bike-trip,spiti_circuit,duration_days,8 Days,tery Tabo to Kaza 50 km 1 day Dhankar Monastery Detailed Itinerary (7-8 Days) A well-paced 7-8 day itinerary allows you to enjoy the journey witho,N days mention,False
https://trekgo.in/blog/shimla-to-spiti-valley-bike-trip,spiti_circuit,duration_days,8 day,"1 day Dhankar Monastery Detailed Itinerary (7-8 Days) A well-paced 7-8 day itinerary allows you to enjoy the journey without rushing, with time",N days mention,False
https://trekgo.in/blog/shimla-to-spiti-valley-bike-trip,spiti_circuit,duration_days,2 days,"trip, head back toward Manali via Kunzum Pass (approximately 200 km, 2 days). For one-way trips, spend the day exploring more of Spiti before beg",N days mention,False
https://trekgo.in/blog/shimla-to-spiti-valley-bike-trip,spiti_circuit,duration_days,10 day,". Security deposit of Rs. 5,000-15,000 is typically required. For a 7-10 day trip, rental costs approximately Rs. 6,000-12,000. If bringing your o",N days mention,False
https://trekgo.in/blog/shimla-to-spiti-valley-bike-trip,spiti_circuit,duration_days,8 day,"00-3,000 for miscellaneous expenses. Total approximate budget for a 7-8 day trip: Rs. 20,000-30,000 per person for a mid-range experience. Budget",N days mention,False
https://trekgo.in/blog/shimla-to-spiti-valley-bike-trip,spiti_circuit,duration_days,8 days,o Spiti bike trip? The Shimla to Spiti bike trip typically requires 7-8 days one way from Shimla to Kaza. This includes riding days plus time for,N days mention,False
https://trekgo.in/blog/shimla-to-spiti-valley-bike-trip,spiti_circuit,duration_days,12 days,"round trip returning via Manali (the complete Spiti circuit), plan 10-12 days total. The itinerary can be done in 6-7 days if rushing, but this mis",N days mention,False
https://trekgo.in/blog/shimla-to-spiti-valley-bike-trip,spiti_circuit,duration_days,7 days,"Spiti circuit), plan 10-12 days total. The itinerary can be done in 6-7 days if rushing, but this misses much of what makes the region special. A",N days mention,False
https://trekgo.in/blog/shimla-to-spiti-valley-bike-trip,spiti_circuit,duration_days,10 day,"t this misses much of what makes the region special. A more relaxed 8-10 day one-way journey allows for proper exploration, photography, and rest",N days mention,False
https://trekgo.in/blog/shimla-to-spiti-valley-bike-trip,spiti_circuit,duration_days,8 days,"the approximate cost of Spiti bike trip? A Shimla-Spiti bike trip (7-8 days, one way) costs approximately Rs. 20,000-30,000 per person for mid-ra",N days mention,False
https://trekgo.in/blog/shimla-to-spiti-valley-bike-trip,spiti_circuit,duration_days,8 days,"for mid-range travel. This includes: bike rental Rs. 6,000-12,000 (7-8 days), fuel Rs. 3,000-4,000, accommodation Rs. 4,000-8,000 (Rs. 500-1,000/",N days mention,False
https://trekgo.in/blog/shimla-to-spiti-valley-bike-trip,spiti_circuit,duration_days,8 Days,"Complete Travel Guide, Itinerary Tips 2026 Jan 19, 2026 Spiti Valley 8 Days: Complete Itinerary And Route Plan Feb 18, 2026 Guide for Komic Villa",N days mention,False
https://trekgo.in/blog/shimla-to-spiti-valley-bike-trip,spiti_circuit,duration_hours,7 hours,"ation, and rest days when needed. Day 1: Shimla to Sarahan (175 km, 6-7 hours). Start early from Shimla , heading east on the Hindustan-Tibet Road.",N hours mention,False
https://trekgo.in/blog/shimla-to-spiti-valley-bike-trip,spiti_circuit,duration_hours,1 hour,"ance make Sarahan an important stop. Day 2: Sarahan to Sangla (20 km, 1 hour + exploration). A short but spectacular ride through Sangla Valley, c",N hours mention,False
https://trekgo.in/blog/shimla-to-spiti-valley-bike-trip,spiti_circuit,duration_hours,3 hours,"unning setting. Overnight in Sangla. Day 3: Sangla to Kalpa (45 km, 2-3 hours + exploration). The ride to Kalpa offers spectacular views of the Kin",N hours mention,False
https://trekgo.in/blog/shimla-to-spiti-valley-bike-trip,spiti_circuit,duration_hours,7 hours,"ea offers good accommodation options. Day 4: Kalpa to Nako (115 km, 6-7 hours). This is one of the most challenging and spectacular riding days. Th",N hours mention,False
https://trekgo.in/blog/shimla-to-spiti-valley-bike-trip,spiti_circuit,duration_hours,5 hours,"lage provide a peaceful overnight stop. Day 5: Nako to Tabo (70 km, 4-5 hours). Cross into Spiti Valley at Sumdo. The landscape transforms dramatic",N hours mention,False
https://trekgo.in/blog/shimla-to-spiti-valley-bike-trip,spiti_circuit,duration_hours,5 hours,"mosphere make Tabo special. Day 6: Tabo to Kaza via Dhankar (50 km, 4-5 hours). A relatively short ride with significant exploration. Dhankar Monas",N hours mention,False
https://trekgo.in/blog/shimla-to-spiti-valley-bike-trip,spiti_circuit,mileage_kmpl,mileage of 35-40 km,"te is approximately 850-1,000 kilometers round trip. Assuming average mileage of 35-40 kmpl, you'll need approximately 25-30 liters of fuel. In Himachal, petro",fuel mileage / efficiency mention,False
https://wanderon.in/blogs/shimla-to-spiti-valley-bike-trip,spiti_circuit,distance_mention,450 km,"26? It’s almost every biker’s dream trip. But remember that this is a 450 km high-altitude mission, transitioning from the cedar-lined ridges of S",any bare NNN km / NNNN km mention,False
https://wanderon.in/blogs/shimla-to-spiti-valley-bike-trip,spiti_circuit,distance_mention,900 km,"on of Shimla to Spiti bike trip: 9 to 10 Days Total Distance: Approx. 900 km – 1,000 km (Including local sightseeing) Highest Point: Kunzum Pass (",any bare NNN km / NNNN km mention,False
https://wanderon.in/blogs/shimla-to-spiti-valley-bike-trip,spiti_circuit,distance_mention,000 km,"a to Spiti bike trip: 9 to 10 Days Total Distance: Approx. 900 km – 1,000 km (Including local sightseeing) Highest Point: Kunzum Pass (4,551 meter",any bare NNN km / NNNN km mention,False
https://wanderon.in/blogs/shimla-to-spiti-valley-bike-trip,spiti_circuit,distance_mention,225 km,and water crossings require specific timing. Day 1: Shimla To Sangla (225 km | 8–9 Hours) Route: Shimla → Narkanda → Rampur → Karcham (Turn Right),any bare NNN km / NNNN km mention,False
https://wanderon.in/blogs/shimla-to-spiti-valley-bike-trip,spiti_circuit,distance_mention,100 km,Akhri Dhaba&quot; in Chitkul for a quick bite. Day 3: Kalpa To Nako (100 km | 5–6 Hours) Route: Kalpa → Powari → Spello → Khab Confluence → Nako.,any bare NNN km / NNNN km mention,False
https://wanderon.in/blogs/shimla-to-spiti-valley-bike-trip,spiti_circuit,distance_mention,115 km,"make your bike (and you) lose breath. Day 7: Kaza To Chandratal Lake (115 km | 6–7 Hours) Route: Kaza → Losar → Kunzum Pass (4,551m) → Batal → Cha",any bare NNN km / NNNN km mention,False
https://wanderon.in/blogs/shimla-to-spiti-valley-bike-trip,spiti_circuit,distance_mention,125 km,ood luck&quot;—it’s a rider’s tradition. Day 8: Chandratal To Manali (125 km | 7–8 Hours) Route: Chandratal → Batal → Chhatru → Gramphu → Atal Tun,any bare NNN km / NNNN km mention,False
https://wanderon.in/blogs/shimla-to-spiti-valley-bike-trip,spiti_circuit,distance_mention,410 km,"nditions The route for Shimla to Spiti bike trip covers approximately 410 km to 450 km. In the Himalayas, distance is secondary to time; expect an",any bare NNN km / NNNN km mention,False
https://wanderon.in/blogs/shimla-to-spiti-valley-bike-trip,spiti_circuit,distance_mention,450 km,"he route for Shimla to Spiti bike trip covers approximately 410 km to 450 km. In the Himalayas, distance is secondary to time; expect an average s",any bare NNN km / NNNN km mention,False
https://wanderon.in/blogs/shimla-to-spiti-valley-bike-trip,spiti_circuit,distance_mention,160 km,"nda (65 km): ~2.5 hours on smooth, winding tarmac Narkanda to Sangla (160 km): ~7 hours through narrow valley roads and hydro-project zones Sangla",any bare NNN km / NNNN km mention,False
https://wanderon.in/blogs/shimla-to-spiti-valley-bike-trip,spiti_circuit,distance_mention,100 km,"~2 hours of steep, paved climbing with sharp hairpins Kalpa to Nako (100 km): ~5 hours on rugged, rocky terrain through &quot;shooting stone&quot",any bare NNN km / NNNN km mention,False
https://wanderon.in/blogs/shimla-to-spiti-valley-bike-trip,spiti_circuit,distance_mention,115 km,ky terrain through &quot;shooting stone&quot; corridors Nako to Kaza (115 km): ~6 hours across high-altitude desert roads with broken tarmac. Spit,any bare NNN km / NNNN km mention,False
https://wanderon.in/blogs/shimla-to-spiti-valley-bike-trip,spiti_circuit,distance_mention,200 km,"ert&quot;, the fine dust will eat your chain. Clean and lube it every 200 km. Fluid Check: Ensure your engine oil is fresh and brake fluids are to",any bare NNN km / NNNN km mention,False
https://wanderon.in/blogs/shimla-to-spiti-valley-bike-trip,spiti_circuit,distance_mention,200 km,"l logistical anchors. In 2026, while infrastructure is improving, the 200 km stretch between Kinnaur and Kaza remains a &quot;black hole&quot; for",any bare NNN km / NNNN km mention,False
https://wanderon.in/blogs/shimla-to-spiti-valley-bike-trip,spiti_circuit,distance_mention,000 km,"yan 450) costs roughly ₹1,800 - ₹2,200 per day. Adding fuel for the 1,000 km+ total run (including detours), expect to spend around ₹22,000 to ₹25",any bare NNN km / NNNN km mention,False
https://wanderon.in/blogs/shimla-to-spiti-valley-bike-trip,spiti_circuit,distance_mention,269 KM,I +855 KH +237 CM +1 CA +238 CV +236 CF +235 TD +56 CL +86 CN +57 CO +269 KM +242 CG +506 CR +385 HR +53 CU +357 CY +420 CZ +243 CD +45 DK +253 DJ,any bare NNN km / NNNN km mention,False
https://wanderon.in/blogs/shimla-to-spiti-valley-bike-trip,spiti_circuit,duration_days,10 Days,"(The Full Circuit) Ideal Duration of Shimla to Spiti bike trip: 9 to 10 Days Total Distance: Approx. 900 km – 1,000 km (Including local sightseein",N days mention,False
https://wanderon.in/blogs/shimla-to-spiti-valley-bike-trip,spiti_circuit,duration_days,8 days,e-lane highways and tunnels. A high-speed cruise compared to the last 8 days. To make the most of your rest days on your Shimla to Spiti Valley bi,N days mention,False
https://wanderon.in/blogs/shimla-to-spiti-valley-bike-trip,spiti_circuit,duration_days,3 days,"network failures are frequent. Always carry enough hard cash to cover 3 days of food, fuel, and stay on your Shimla to Spiti Valley bike trip. Shi",N days mention,False
https://wanderon.in/blogs/shimla-to-spiti-valley-bike-trip,spiti_circuit,duration_days,14 days,"tions or through a local travel agent. Validity: Typically issued for 14 days. Ensure you have multiple physical copies, as you must submit one at",N days mention,False
https://wanderon.in/blogs/shimla-to-spiti-valley-bike-trip,spiti_circuit,duration_days,3 days,ke to ride from Shimla to Spiti Valley? The ride typically takes 2 to 3 days to reach Kaza from Shimla. Most riders stop at Sangla or Kalpa on Day,N days mention,False
https://wanderon.in/blogs/shimla-to-spiti-valley-bike-trip,spiti_circuit,duration_hours,9 Hours,rossings require specific timing. Day 1: Shimla To Sangla (225 km | 8–9 Hours) Route: Shimla → Narkanda → Rampur → Karcham (Turn Right) → Sangla. T,N hours mention,False
https://wanderon.in/blogs/shimla-to-spiti-valley-bike-trip,spiti_circuit,duration_hours,5 Hours,the high-altitude desert. Day 2: Sangla To Chitkul To Kalpa (95 km | 5 Hours) Route: Sangla → Rakcham → Chitkul (The Last Village) → Back to Karch,N hours mention,False
https://wanderon.in/blogs/shimla-to-spiti-valley-bike-trip,spiti_circuit,duration_hours,6 Hours,a&quot; in Chitkul for a quick bite. Day 3: Kalpa To Nako (100 km | 5–6 Hours) Route: Kalpa → Powari → Spello → Khab Confluence → Nako. The Ride: Y,N hours mention,False
https://wanderon.in/blogs/shimla-to-spiti-valley-bike-trip,spiti_circuit,duration_hours,4 Hours,; mechanics are rare after this. Day 4: Nako To Tabo Via Gue (70 km | 4 Hours) Route: Nako → Malling Nala → Sumdo (Checkpost) → Gue (Detour) → Tabo,N hours mention,False
https://wanderon.in/blogs/shimla-to-spiti-valley-bike-trip,spiti_circuit,duration_hours,4 Hours,d ID at the Sumdo Checkpost. Day 5: Tabo To Kaza Via Dhankar (65 km | 4 Hours) Route: Tabo → Sichling → Dhankar Monastery → Kaza The Ride: Mostly f,N hours mention,False
https://wanderon.in/blogs/shimla-to-spiti-valley-bike-trip,spiti_circuit,duration_hours,5 Hours,fluence. Day 6: The Kaza &quot;High-Altitude&quot; Circuit (60 km | 4-5 Hours) Route: Kaza → Hikkim → Komic → Langza → Key Monastery → Kibber → Chi,N hours mention,False
https://wanderon.in/blogs/shimla-to-spiti-valley-bike-trip,spiti_circuit,duration_hours,7 Hours,"ike (and you) lose breath. Day 7: Kaza To Chandratal Lake (115 km | 6–7 Hours) Route: Kaza → Losar → Kunzum Pass (4,551m) → Batal → Chandratal Dive",N hours mention,False
https://wanderon.in/blogs/shimla-to-spiti-valley-bike-trip,spiti_circuit,duration_hours,8 Hours,ot;—it’s a rider’s tradition. Day 8: Chandratal To Manali (125 km | 7–8 Hours) Route: Chandratal → Batal → Chhatru → Gramphu → Atal Tunnel → Manali,N hours mention,False
https://wanderon.in/blogs/shimla-to-spiti-valley-bike-trip,spiti_circuit,duration_hours,10 Hours,makes them impassable. Day 9: Manali To Chandigarh/Delhi (300+ km | 8-10 Hours) Route: Manali → Kullu → Mandi → Kiratpur → Chandigarh. The Ride: Dou,N hours mention,False
https://wanderon.in/blogs/shimla-to-spiti-valley-bike-trip,spiti_circuit,duration_hours,5 hours,"la to Spiti Bike Trip: Daily Breakdown Shimla to Narkanda (65 km): ~2.5 hours on smooth, winding tarmac Narkanda to Sangla (160 km): ~7 hours throu",N hours mention,False
https://wanderon.in/blogs/shimla-to-spiti-valley-bike-trip,spiti_circuit,duration_hours,7 hours,"): ~2.5 hours on smooth, winding tarmac Narkanda to Sangla (160 km): ~7 hours through narrow valley roads and hydro-project zones Sangla to Kalpa (",N hours mention,False
https://wanderon.in/blogs/shimla-to-spiti-valley-bike-trip,spiti_circuit,duration_hours,2 hours,"narrow valley roads and hydro-project zones Sangla to Kalpa (40 km): ~2 hours of steep, paved climbing with sharp hairpins Kalpa to Nako (100 km):",N hours mention,False
https://wanderon.in/blogs/shimla-to-spiti-valley-bike-trip,spiti_circuit,duration_hours,5 hours,"of steep, paved climbing with sharp hairpins Kalpa to Nako (100 km): ~5 hours on rugged, rocky terrain through &quot;shooting stone&quot; corridors",N hours mention,False
https://wanderon.in/blogs/shimla-to-spiti-valley-bike-trip,spiti_circuit,duration_hours,6 hours,through &quot;shooting stone&quot; corridors Nako to Kaza (115 km): ~6 hours across high-altitude desert roads with broken tarmac. Spiti Road Cond,N hours mention,False
https://wanderon.in/blogs/shimla-to-spiti-valley-bike-trip,spiti_circuit,duration_hours,48 hours,apply for a vehicle permit online via the Himachal Tourism portal 24-48 hours in advance. Stay Options For Shimla To Spiti Bike Trip When choosing,N hours mention,False
https://wanderon.in/blogs/shimla-to-spiti-valley-bike-trip,spiti_circuit,duration_hours,85 HR,238 CV +236 CF +235 TD +56 CL +86 CN +57 CO +269 KM +242 CG +506 CR +385 HR +53 CU +357 CY +420 CZ +243 CD +45 DK +253 DJ +1-767 DM +1-849 DO +67,N hours mention,False
https://wanderon.in/blogs/shimla-to-spiti-valley-bike-trip,spiti_circuit,fuel_litres_generic,5L,esert. Do not pass Powari without topping up and filling at least one 5L jerry can if you&#x27;re on a bike with a small tank. Kaza: Home to t,any litres mention,False
